epoch,accuracy
1,0.7700666785240173
2,0.8514833450317383
