epoch,loss
1,0.6535272002220154
2,0.4259812533855438
