{"loss": 0.3492315411567688, "accuracy": 0.8761000037193298}