{"loss": 0.3938975930213928, "accuracy": 0.8568999767303467}