{
    "f1": 0.5888501742160278,
    "roc_auc": 0.8442204063669617
}