{
    "f1": 0.5968586387434556,
    "roc_auc": 0.8440373626308566
}