{
    "f1": 0.6002034587995931,
    "roc_auc": 0.8472512356685635
}