{
    "f1": 0.6012715712988193,
    "roc_auc": 0.8446698749480719
}